{"cameraMode":{"drawMode":0,"name":"Shaded","section":"Shading Mode"},"sceneLighting":false,"audioPlay":false,"sceneViewState":{"showFog":true,"showMaterialUpdate":false,"showSkybox":false,"showFlares":true,"showImageEffects":true,"showParticleSystems":true,"showVisualEffectGraphs":true,"m_FxEnabled":true},"in2DMode":false,"pivot":{"x":-25.094985961914064,"y":-0.03936290740966797,"z":13.015266418457032},"rotation":{"x":0.36505722999572756,"y":-0.025137051939964296,"z":0.00986296497285366,"w":0.9306648969650269},"size":13.558839797973633,"orthographic":false}