{"cameraMode":{"drawMode":0,"name":"Shaded","section":"Shading Mode"},"sceneLighting":false,"audioPlay":false,"sceneViewState":{"showFog":true,"showMaterialUpdate":false,"showSkybox":false,"showFlares":true,"showImageEffects":true,"showParticleSystems":true,"showVisualEffectGraphs":true,"m_FxEnabled":true},"in2DMode":false,"pivot":{"x":-42.62904739379883,"y":18.725414276123048,"z":0.03215599060058594},"rotation":{"x":0.07402141392230988,"y":-0.8691242933273315,"z":0.1369539052248001,"w":0.46949800848960879},"size":14.820109367370606,"orthographic":false}