{"cameraMode":{"drawMode":0,"name":"Shaded","section":"Shading Mode"},"sceneLighting":true,"audioPlay":false,"sceneViewState":{"showFog":true,"showMaterialUpdate":false,"showSkybox":true,"showFlares":true,"showImageEffects":true,"showParticleSystems":true,"showVisualEffectGraphs":true,"m_FxEnabled":true},"in2DMode":false,"pivot":{"x":411.5214538574219,"y":398.8252868652344,"z":-23.931488037109376},"rotation":{"x":0.016457712277770044,"y":0.07282650470733643,"z":-0.001176906400360167,"w":0.9972307682037354},"size":537.8687744140625,"orthographic":false}